"val","flags"
9999,"0"
2,"2"
4,"4"
6,"1;2"
8,"8"
10,"1;3"
12,"2;3"
14,"1;2;3"
16,"16"
18,"1;4"
20,"2;4"
22,"1;2;4"
24,"3;4"
26,"1;3;4"
28,"2;3;4"
30,"1;2;3;4"
32,"32"
34,"1;5"
36,"2;5"
38,"1;2;5"
40,"3;5"
42,"1;3;5"
44,"2;3;5"
46,"1;2;3;5"
48,"4;5"
50,"1;4;5"
52,"2;4;5"
54,"1;2;4;5"
56,"3;4;5"
58,"1;3;4;5"
60,"2;3;4;5"
62,"1;2;3;4;5"
64,"64"
66,"1;6"
68,"2;6"
70,"1;2;6"
72,"3;6"
74,"1;3;6"
76,"2;3;6"
78,"1;2;3;6"
80,"4;6"
82,"1;4;6"
84,"2;4;6"
86,"1;2;4;6"
88,"3;4;6"
90,"1;3;4;6"
92,"2;3;4;6"
94,"1;2;3;4;6"
96,"5;6"
98,"1;5;6"
100,"2;5;6"
102,"1;2;5;6"
104,"3;5;6"
106,"1;3;5;6"
108,"2;3;5;6"
110,"1;2;3;5;6"
112,"4;5;6"
114,"1;4;5;6"
116,"2;4;5;6"
118,"1;2;4;5;6"
120,"3;4;5;6"
122,"1;3;4;5;6"
124,"2;3;4;5;6"
126,"1;2;3;4;5;6"
128,"128"
130,"1;7"
132,"2;7"
134,"1;2;7"
136,"3;7"
138,"1;3;7"
140,"2;3;7"
142,"1;2;3;7"
144,"4;7"
146,"1;4;7"
148,"2;4;7"
150,"1;2;4;7"
152,"3;4;7"
154,"1;3;4;7"
156,"2;3;4;7"
158,"1;2;3;4;7"
160,"5;7"
162,"1;5;7"
164,"2;5;7"
166,"1;2;5;7"
168,"3;5;7"
170,"1;3;5;7"
172,"2;3;5;7"
174,"1;2;3;5;7"
176,"4;5;7"
178,"1;4;5;7"
180,"2;4;5;7"
182,"1;2;4;5;7"
184,"3;4;5;7"
186,"1;3;4;5;7"
188,"2;3;4;5;7"
190,"1;2;3;4;5;7"
192,"6;7"
194,"1;6;7"
196,"2;6;7"
198,"1;2;6;7"
200,"3;6;7"
202,"1;3;6;7"
204,"2;3;6;7"
206,"1;2;3;6;7"
208,"4;6;7"
210,"1;4;6;7"
212,"2;4;6;7"
214,"1;2;4;6;7"
216,"3;4;6;7"
218,"1;3;4;6;7"
220,"2;3;4;6;7"
222,"1;2;3;4;6;7"
224,"5;6;7"
226,"1;5;6;7"
228,"2;5;6;7"
230,"1;2;5;6;7"
232,"3;5;6;7"
234,"1;3;5;6;7"
236,"2;3;5;6;7"
238,"1;2;3;5;6;7"
240,"4;5;6;7"
242,"1;4;5;6;7"
244,"2;4;5;6;7"
246,"1;2;4;5;6;7"
248,"3;4;5;6;7"
250,"1;3;4;5;6;7"
252,"2;3;4;5;6;7"
254,"1;2;3;4;5;6;7"
256,"256"
258,"1;8"
260,"2;8"
262,"1;2;8"
264,"3;8"
266,"1;3;8"
268,"2;3;8"
270,"1;2;3;8"
272,"4;8"
274,"1;4;8"
276,"2;4;8"
278,"1;2;4;8"
280,"3;4;8"
282,"1;3;4;8"
284,"2;3;4;8"
286,"1;2;3;4;8"
288,"5;8"
290,"1;5;8"
292,"2;5;8"
294,"1;2;5;8"
296,"3;5;8"
298,"1;3;5;8"
300,"2;3;5;8"
302,"1;2;3;5;8"
304,"4;5;8"
306,"1;4;5;8"
308,"2;4;5;8"
310,"1;2;4;5;8"
312,"3;4;5;8"
314,"1;3;4;5;8"
316,"2;3;4;5;8"
318,"1;2;3;4;5;8"
320,"6;8"
322,"1;6;8"
324,"2;6;8"
326,"1;2;6;8"
328,"3;6;8"
330,"1;3;6;8"
332,"2;3;6;8"
334,"1;2;3;6;8"
336,"4;6;8"
338,"1;4;6;8"
340,"2;4;6;8"
342,"1;2;4;6;8"
344,"3;4;6;8"
346,"1;3;4;6;8"
348,"2;3;4;6;8"
350,"1;2;3;4;6;8"
352,"5;6;8"
354,"1;5;6;8"
356,"2;5;6;8"
358,"1;2;5;6;8"
360,"3;5;6;8"
362,"1;3;5;6;8"
364,"2;3;5;6;8"
366,"1;2;3;5;6;8"
368,"4;5;6;8"
370,"1;4;5;6;8"
372,"2;4;5;6;8"
374,"1;2;4;5;6;8"
376,"3;4;5;6;8"
378,"1;3;4;5;6;8"
380,"2;3;4;5;6;8"
382,"1;2;3;4;5;6;8"
384,"7;8"
386,"1;7;8"
388,"2;7;8"
390,"1;2;7;8"
392,"3;7;8"
394,"1;3;7;8"
396,"2;3;7;8"
398,"1;2;3;7;8"
400,"4;7;8"
402,"1;4;7;8"
404,"2;4;7;8"
406,"1;2;4;7;8"
408,"3;4;7;8"
410,"1;3;4;7;8"
412,"2;3;4;7;8"
414,"1;2;3;4;7;8"
416,"5;7;8"
418,"1;5;7;8"
420,"2;5;7;8"
422,"1;2;5;7;8"
424,"3;5;7;8"
426,"1;3;5;7;8"
428,"2;3;5;7;8"
430,"1;2;3;5;7;8"
432,"4;5;7;8"
434,"1;4;5;7;8"
436,"2;4;5;7;8"
438,"1;2;4;5;7;8"
440,"3;4;5;7;8"
442,"1;3;4;5;7;8"
444,"2;3;4;5;7;8"
446,"1;2;3;4;5;7;8"
448,"6;7;8"
450,"1;6;7;8"
452,"2;6;7;8"
454,"1;2;6;7;8"
456,"3;6;7;8"
458,"1;3;6;7;8"
460,"2;3;6;7;8"
462,"1;2;3;6;7;8"
464,"4;6;7;8"
466,"1;4;6;7;8"
468,"2;4;6;7;8"
470,"1;2;4;6;7;8"
472,"3;4;6;7;8"
474,"1;3;4;6;7;8"
476,"2;3;4;6;7;8"
478,"1;2;3;4;6;7;8"
480,"5;6;7;8"
482,"1;5;6;7;8"
484,"2;5;6;7;8"
486,"1;2;5;6;7;8"
488,"3;5;6;7;8"
490,"1;3;5;6;7;8"
492,"2;3;5;6;7;8"
494,"1;2;3;5;6;7;8"
496,"4;5;6;7;8"
498,"1;4;5;6;7;8"
500,"2;4;5;6;7;8"
502,"1;2;4;5;6;7;8"
504,"3;4;5;6;7;8"
506,"1;3;4;5;6;7;8"
508,"2;3;4;5;6;7;8"
510,"1;2;3;4;5;6;7;8"
512,"512"
514,"1;9"
516,"2;9"
518,"1;2;9"
520,"3;9"
522,"1;3;9"
524,"2;3;9"
526,"1;2;3;9"
528,"4;9"
530,"1;4;9"
532,"2;4;9"
534,"1;2;4;9"
536,"3;4;9"
538,"1;3;4;9"
540,"2;3;4;9"
542,"1;2;3;4;9"
544,"5;9"
546,"1;5;9"
548,"2;5;9"
550,"1;2;5;9"
552,"3;5;9"
554,"1;3;5;9"
556,"2;3;5;9"
558,"1;2;3;5;9"
560,"4;5;9"
562,"1;4;5;9"
564,"2;4;5;9"
566,"1;2;4;5;9"
568,"3;4;5;9"
570,"1;3;4;5;9"
572,"2;3;4;5;9"
574,"1;2;3;4;5;9"
576,"6;9"
578,"1;6;9"
580,"2;6;9"
582,"1;2;6;9"
584,"3;6;9"
586,"1;3;6;9"
588,"2;3;6;9"
590,"1;2;3;6;9"
592,"4;6;9"
594,"1;4;6;9"
596,"2;4;6;9"
598,"1;2;4;6;9"
600,"3;4;6;9"
602,"1;3;4;6;9"
604,"2;3;4;6;9"
606,"1;2;3;4;6;9"
608,"5;6;9"
610,"1;5;6;9"
612,"2;5;6;9"
614,"1;2;5;6;9"
616,"3;5;6;9"
618,"1;3;5;6;9"
620,"2;3;5;6;9"
622,"1;2;3;5;6;9"
624,"4;5;6;9"
626,"1;4;5;6;9"
628,"2;4;5;6;9"
630,"1;2;4;5;6;9"
632,"3;4;5;6;9"
634,"1;3;4;5;6;9"
636,"2;3;4;5;6;9"
638,"1;2;3;4;5;6;9"
640,"7;9"
642,"1;7;9"
644,"2;7;9"
646,"1;2;7;9"
648,"3;7;9"
650,"1;3;7;9"
652,"2;3;7;9"
654,"1;2;3;7;9"
656,"4;7;9"
658,"1;4;7;9"
660,"2;4;7;9"
662,"1;2;4;7;9"
664,"3;4;7;9"
666,"1;3;4;7;9"
668,"2;3;4;7;9"
670,"1;2;3;4;7;9"
672,"5;7;9"
674,"1;5;7;9"
676,"2;5;7;9"
678,"1;2;5;7;9"
680,"3;5;7;9"
682,"1;3;5;7;9"
684,"2;3;5;7;9"
686,"1;2;3;5;7;9"
688,"4;5;7;9"
690,"1;4;5;7;9"
692,"2;4;5;7;9"
694,"1;2;4;5;7;9"
696,"3;4;5;7;9"
698,"1;3;4;5;7;9"
700,"2;3;4;5;7;9"
702,"1;2;3;4;5;7;9"
704,"6;7;9"
706,"1;6;7;9"
708,"2;6;7;9"
710,"1;2;6;7;9"
712,"3;6;7;9"
714,"1;3;6;7;9"
716,"2;3;6;7;9"
718,"1;2;3;6;7;9"
720,"4;6;7;9"
722,"1;4;6;7;9"
724,"2;4;6;7;9"
726,"1;2;4;6;7;9"
728,"3;4;6;7;9"
730,"1;3;4;6;7;9"
732,"2;3;4;6;7;9"
734,"1;2;3;4;6;7;9"
736,"5;6;7;9"
738,"1;5;6;7;9"
740,"2;5;6;7;9"
742,"1;2;5;6;7;9"
744,"3;5;6;7;9"
746,"1;3;5;6;7;9"
748,"2;3;5;6;7;9"
750,"1;2;3;5;6;7;9"
752,"4;5;6;7;9"
754,"1;4;5;6;7;9"
756,"2;4;5;6;7;9"
758,"1;2;4;5;6;7;9"
760,"3;4;5;6;7;9"
762,"1;3;4;5;6;7;9"
764,"2;3;4;5;6;7;9"
766,"1;2;3;4;5;6;7;9"
768,"8;9"
770,"1;8;9"
772,"2;8;9"
774,"1;2;8;9"
776,"3;8;9"
778,"1;3;8;9"
780,"2;3;8;9"
782,"1;2;3;8;9"
784,"4;8;9"
786,"1;4;8;9"
788,"2;4;8;9"
790,"1;2;4;8;9"
792,"3;4;8;9"
794,"1;3;4;8;9"
796,"2;3;4;8;9"
798,"1;2;3;4;8;9"
800,"5;8;9"
802,"1;5;8;9"
804,"2;5;8;9"
806,"1;2;5;8;9"
808,"3;5;8;9"
810,"1;3;5;8;9"
812,"2;3;5;8;9"
814,"1;2;3;5;8;9"
816,"4;5;8;9"
818,"1;4;5;8;9"
820,"2;4;5;8;9"
822,"1;2;4;5;8;9"
824,"3;4;5;8;9"
826,"1;3;4;5;8;9"
828,"2;3;4;5;8;9"
830,"1;2;3;4;5;8;9"
832,"6;8;9"
834,"1;6;8;9"
836,"2;6;8;9"
838,"1;2;6;8;9"
840,"3;6;8;9"
842,"1;3;6;8;9"
844,"2;3;6;8;9"
846,"1;2;3;6;8;9"
848,"4;6;8;9"
850,"1;4;6;8;9"
852,"2;4;6;8;9"
854,"1;2;4;6;8;9"
856,"3;4;6;8;9"
858,"1;3;4;6;8;9"
860,"2;3;4;6;8;9"
862,"1;2;3;4;6;8;9"
864,"5;6;8;9"
866,"1;5;6;8;9"
868,"2;5;6;8;9"
870,"1;2;5;6;8;9"
872,"3;5;6;8;9"
874,"1;3;5;6;8;9"
876,"2;3;5;6;8;9"
878,"1;2;3;5;6;8;9"
880,"4;5;6;8;9"
882,"1;4;5;6;8;9"
884,"2;4;5;6;8;9"
886,"1;2;4;5;6;8;9"
888,"3;4;5;6;8;9"
890,"1;3;4;5;6;8;9"
892,"2;3;4;5;6;8;9"
894,"1;2;3;4;5;6;8;9"
896,"7;8;9"
898,"1;7;8;9"
900,"2;7;8;9"
902,"1;2;7;8;9"
904,"3;7;8;9"
906,"1;3;7;8;9"
908,"2;3;7;8;9"
910,"1;2;3;7;8;9"
912,"4;7;8;9"
914,"1;4;7;8;9"
916,"2;4;7;8;9"
918,"1;2;4;7;8;9"
920,"3;4;7;8;9"
922,"1;3;4;7;8;9"
924,"2;3;4;7;8;9"
926,"1;2;3;4;7;8;9"
928,"5;7;8;9"
930,"1;5;7;8;9"
932,"2;5;7;8;9"
934,"1;2;5;7;8;9"
936,"3;5;7;8;9"
938,"1;3;5;7;8;9"
940,"2;3;5;7;8;9"
942,"1;2;3;5;7;8;9"
944,"4;5;7;8;9"
946,"1;4;5;7;8;9"
948,"2;4;5;7;8;9"
950,"1;2;4;5;7;8;9"
952,"3;4;5;7;8;9"
954,"1;3;4;5;7;8;9"
956,"2;3;4;5;7;8;9"
958,"1;2;3;4;5;7;8;9"
960,"6;7;8;9"
962,"1;6;7;8;9"
964,"2;6;7;8;9"
966,"1;2;6;7;8;9"
968,"3;6;7;8;9"
970,"1;3;6;7;8;9"
972,"2;3;6;7;8;9"
974,"1;2;3;6;7;8;9"
976,"4;6;7;8;9"
978,"1;4;6;7;8;9"
980,"2;4;6;7;8;9"
982,"1;2;4;6;7;8;9"
984,"3;4;6;7;8;9"
986,"1;3;4;6;7;8;9"
988,"2;3;4;6;7;8;9"
990,"1;2;3;4;6;7;8;9"
992,"5;6;7;8;9"
994,"1;5;6;7;8;9"
996,"2;5;6;7;8;9"
998,"1;2;5;6;7;8;9"
1000,"3;5;6;7;8;9"
1002,"1;3;5;6;7;8;9"
1004,"2;3;5;6;7;8;9"
1006,"1;2;3;5;6;7;8;9"
1008,"4;5;6;7;8;9"
1010,"1;4;5;6;7;8;9"
1012,"2;4;5;6;7;8;9"
1014,"1;2;4;5;6;7;8;9"
1016,"3;4;5;6;7;8;9"
1018,"1;3;4;5;6;7;8;9"
1020,"2;3;4;5;6;7;8;9"
1022,"2;4;8;16;32;64;128;256;512"
1024,"1024"
1026,"1;10"
1028,"2;10"
1030,"1;2;10"
1032,"3;10"
1034,"1;3;10"
1036,"2;3;10"
1038,"1;2;3;10"
1040,"4;10"
1042,"1;4;10"
1044,"2;4;10"
1046,"1;2;4;10"
1048,"3;4;10"
1050,"1;3;4;10"
1052,"2;3;4;10"
1054,"1;2;3;4;10"
1056,"5;10"
1058,"1;5;10"
1060,"2;5;10"
1062,"1;2;5;10"
1064,"3;5;10"
1066,"1;3;5;10"
1068,"2;3;5;10"
1070,"1;2;3;5;10"
1072,"4;5;10"
1074,"1;4;5;10"
1076,"2;4;5;10"
1078,"1;2;4;5;10"
1080,"3;4;5;10"
1082,"1;3;4;5;10"
1084,"2;3;4;5;10"
1086,"1;2;3;4;5;10"
1088,"6;10"
1090,"1;6;10"
1092,"2;6;10"
1094,"1;2;6;10"
1096,"3;6;10"
1098,"1;3;6;10"
1100,"2;3;6;10"
1102,"1;2;3;6;10"
1104,"4;6;10"
1106,"1;4;6;10"
1108,"2;4;6;10"
1110,"1;2;4;6;10"
1112,"3;4;6;10"
1114,"1;3;4;6;10"
1116,"2;3;4;6;10"
1118,"1;2;3;4;6;10"
1120,"5;6;10"
1122,"1;5;6;10"
1124,"2;5;6;10"
1126,"1;2;5;6;10"
1128,"3;5;6;10"
1130,"1;3;5;6;10"
1132,"2;3;5;6;10"
1134,"1;2;3;5;6;10"
1136,"4;5;6;10"
1138,"1;4;5;6;10"
1140,"2;4;5;6;10"
1142,"1;2;4;5;6;10"
1144,"3;4;5;6;10"
1146,"1;3;4;5;6;10"
1148,"2;3;4;5;6;10"
1150,"1;2;3;4;5;6;10"
1152,"7;10"
1154,"1;7;10"
1156,"2;7;10"
1158,"1;2;7;10"
1160,"3;7;10"
1162,"1;3;7;10"
1164,"2;3;7;10"
1166,"1;2;3;7;10"
1168,"4;7;10"
1170,"1;4;7;10"
1172,"2;4;7;10"
1174,"1;2;4;7;10"
1176,"3;4;7;10"
1178,"1;3;4;7;10"
1180,"2;3;4;7;10"
1182,"1;2;3;4;7;10"
1184,"5;7;10"
1186,"1;5;7;10"
1188,"2;5;7;10"
1190,"1;2;5;7;10"
1192,"3;5;7;10"
1194,"1;3;5;7;10"
1196,"2;3;5;7;10"
1198,"1;2;3;5;7;10"
1200,"4;5;7;10"
1202,"1;4;5;7;10"
1204,"2;4;5;7;10"
1206,"1;2;4;5;7;10"
1208,"3;4;5;7;10"
1210,"1;3;4;5;7;10"
1212,"2;3;4;5;7;10"
1214,"1;2;3;4;5;7;10"
1216,"6;7;10"
1218,"1;6;7;10"
1220,"2;6;7;10"
1222,"1;2;6;7;10"
1224,"3;6;7;10"
1226,"1;3;6;7;10"
1228,"2;3;6;7;10"
1230,"1;2;3;6;7;10"
1232,"4;6;7;10"
1234,"1;4;6;7;10"
1236,"2;4;6;7;10"
1238,"1;2;4;6;7;10"
1240,"3;4;6;7;10"
1242,"1;3;4;6;7;10"
1244,"2;3;4;6;7;10"
1246,"1;2;3;4;6;7;10"
1248,"5;6;7;10"
1250,"1;5;6;7;10"
1252,"2;5;6;7;10"
1254,"1;2;5;6;7;10"
1256,"3;5;6;7;10"
1258,"1;3;5;6;7;10"
1260,"2;3;5;6;7;10"
1262,"1;2;3;5;6;7;10"
1264,"4;5;6;7;10"
1266,"1;4;5;6;7;10"
1268,"2;4;5;6;7;10"
1270,"1;2;4;5;6;7;10"
1272,"3;4;5;6;7;10"
1274,"1;3;4;5;6;7;10"
1276,"2;3;4;5;6;7;10"
1278,"1;2;3;4;5;6;7;10"
1280,"8;10"
1282,"1;8;10"
1284,"2;8;10"
1286,"1;2;8;10"
1288,"3;8;10"
1290,"1;3;8;10"
1292,"2;3;8;10"
1294,"1;2;3;8;10"
1296,"4;8;10"
1298,"1;4;8;10"
1300,"2;4;8;10"
1302,"1;2;4;8;10"
1304,"3;4;8;10"
1306,"1;3;4;8;10"
1308,"2;3;4;8;10"
1310,"1;2;3;4;8;10"
1312,"5;8;10"
1314,"1;5;8;10"
1316,"2;5;8;10"
1318,"1;2;5;8;10"
1320,"3;5;8;10"
1322,"1;3;5;8;10"
1324,"2;3;5;8;10"
1326,"1;2;3;5;8;10"
1328,"4;5;8;10"
1330,"1;4;5;8;10"
1332,"2;4;5;8;10"
1334,"1;2;4;5;8;10"
1336,"3;4;5;8;10"
1338,"1;3;4;5;8;10"
1340,"2;3;4;5;8;10"
1342,"1;2;3;4;5;8;10"
1344,"6;8;10"
1346,"1;6;8;10"
1348,"2;6;8;10"
1350,"1;2;6;8;10"
1352,"3;6;8;10"
1354,"1;3;6;8;10"
1356,"2;3;6;8;10"
1358,"1;2;3;6;8;10"
1360,"4;6;8;10"
1362,"1;4;6;8;10"
1364,"2;4;6;8;10"
1366,"1;2;4;6;8;10"
1368,"3;4;6;8;10"
1370,"1;3;4;6;8;10"
1372,"2;3;4;6;8;10"
1374,"1;2;3;4;6;8;10"
1376,"5;6;8;10"
1378,"1;5;6;8;10"
1380,"2;5;6;8;10"
1382,"1;2;5;6;8;10"
1384,"3;5;6;8;10"
1386,"1;3;5;6;8;10"
1388,"2;3;5;6;8;10"
1390,"1;2;3;5;6;8;10"
1392,"4;5;6;8;10"
1394,"1;4;5;6;8;10"
1396,"2;4;5;6;8;10"
1398,"1;2;4;5;6;8;10"
1400,"3;4;5;6;8;10"
1402,"1;3;4;5;6;8;10"
1404,"2;3;4;5;6;8;10"
1406,"1;2;3;4;5;6;8;10"
1408,"7;8;10"
1410,"1;7;8;10"
1412,"2;7;8;10"
1414,"1;2;7;8;10"
1416,"3;7;8;10"
1418,"1;3;7;8;10"
1420,"2;3;7;8;10"
1422,"1;2;3;7;8;10"
1424,"4;7;8;10"
1426,"1;4;7;8;10"
1428,"2;4;7;8;10"
1430,"1;2;4;7;8;10"
1432,"3;4;7;8;10"
1434,"1;3;4;7;8;10"
1436,"2;3;4;7;8;10"
1438,"1;2;3;4;7;8;10"
1440,"5;7;8;10"
1442,"1;5;7;8;10"
1444,"2;5;7;8;10"
1446,"1;2;5;7;8;10"
1448,"3;5;7;8;10"
1450,"1;3;5;7;8;10"
1452,"2;3;5;7;8;10"
1454,"1;2;3;5;7;8;10"
1456,"4;5;7;8;10"
1458,"1;4;5;7;8;10"
1460,"2;4;5;7;8;10"
1462,"1;2;4;5;7;8;10"
1464,"3;4;5;7;8;10"
1466,"1;3;4;5;7;8;10"
1468,"2;3;4;5;7;8;10"
1470,"1;2;3;4;5;7;8;10"
1472,"6;7;8;10"
1474,"1;6;7;8;10"
1476,"2;6;7;8;10"
1478,"1;2;6;7;8;10"
1480,"3;6;7;8;10"
1482,"1;3;6;7;8;10"
1484,"2;3;6;7;8;10"
1486,"1;2;3;6;7;8;10"
1488,"4;6;7;8;10"
1490,"1;4;6;7;8;10"
1492,"2;4;6;7;8;10"
1494,"1;2;4;6;7;8;10"
1496,"3;4;6;7;8;10"
1498,"1;3;4;6;7;8;10"
1500,"2;3;4;6;7;8;10"
1502,"1;2;3;4;6;7;8;10"
1504,"5;6;7;8;10"
1506,"1;5;6;7;8;10"
1508,"2;5;6;7;8;10"
1510,"1;2;5;6;7;8;10"
1512,"3;5;6;7;8;10"
1514,"1;3;5;6;7;8;10"
1516,"2;3;5;6;7;8;10"
1518,"1;2;3;5;6;7;8;10"
1520,"4;5;6;7;8;10"
1522,"1;4;5;6;7;8;10"
1524,"2;4;5;6;7;8;10"
1526,"1;2;4;5;6;7;8;10"
1528,"3;4;5;6;7;8;10"
1530,"1;3;4;5;6;7;8;10"
1532,"2;3;4;5;6;7;8;10"
1534,"2;4;8;16;32;64;128;256;1024"
1536,"9;10"
1538,"1;9;10"
1540,"2;9;10"
1542,"1;2;9;10"
1544,"3;9;10"
1546,"1;3;9;10"
1548,"2;3;9;10"
1550,"1;2;3;9;10"
1552,"4;9;10"
1554,"1;4;9;10"
1556,"2;4;9;10"
1558,"1;2;4;9;10"
1560,"3;4;9;10"
1562,"1;3;4;9;10"
1564,"2;3;4;9;10"
1566,"1;2;3;4;9;10"
1568,"5;9;10"
1570,"1;5;9;10"
1572,"2;5;9;10"
1574,"1;2;5;9;10"
1576,"3;5;9;10"
1578,"1;3;5;9;10"
1580,"2;3;5;9;10"
1582,"1;2;3;5;9;10"
1584,"4;5;9;10"
1586,"1;4;5;9;10"
1588,"2;4;5;9;10"
1590,"1;2;4;5;9;10"
1592,"3;4;5;9;10"
1594,"1;3;4;5;9;10"
1596,"2;3;4;5;9;10"
1598,"1;2;3;4;5;9;10"
1600,"6;9;10"
1602,"1;6;9;10"
1604,"2;6;9;10"
1606,"1;2;6;9;10"
1608,"3;6;9;10"
1610,"1;3;6;9;10"
1612,"2;3;6;9;10"
1614,"1;2;3;6;9;10"
1616,"4;6;9;10"
1618,"1;4;6;9;10"
1620,"2;4;6;9;10"
1622,"1;2;4;6;9;10"
1624,"3;4;6;9;10"
1626,"1;3;4;6;9;10"
1628,"2;3;4;6;9;10"
1630,"1;2;3;4;6;9;10"
1632,"5;6;9;10"
1634,"1;5;6;9;10"
1636,"2;5;6;9;10"
1638,"1;2;5;6;9;10"
1640,"3;5;6;9;10"
1642,"1;3;5;6;9;10"
1644,"2;3;5;6;9;10"
1646,"1;2;3;5;6;9;10"
1648,"4;5;6;9;10"
1650,"1;4;5;6;9;10"
1652,"2;4;5;6;9;10"
1654,"1;2;4;5;6;9;10"
1656,"3;4;5;6;9;10"
1658,"1;3;4;5;6;9;10"
1660,"2;3;4;5;6;9;10"
1662,"1;2;3;4;5;6;9;10"
1664,"7;9;10"
1666,"1;7;9;10"
1668,"2;7;9;10"
1670,"1;2;7;9;10"
1672,"3;7;9;10"
1674,"1;3;7;9;10"
1676,"2;3;7;9;10"
1678,"1;2;3;7;9;10"
1680,"4;7;9;10"
1682,"1;4;7;9;10"
1684,"2;4;7;9;10"
1686,"1;2;4;7;9;10"
1688,"3;4;7;9;10"
1690,"1;3;4;7;9;10"
1692,"2;3;4;7;9;10"
1694,"1;2;3;4;7;9;10"
1696,"5;7;9;10"
1698,"1;5;7;9;10"
1700,"2;5;7;9;10"
1702,"1;2;5;7;9;10"
1704,"3;5;7;9;10"
1706,"1;3;5;7;9;10"
1708,"2;3;5;7;9;10"
1710,"1;2;3;5;7;9;10"
1712,"4;5;7;9;10"
1714,"1;4;5;7;9;10"
1716,"2;4;5;7;9;10"
1718,"1;2;4;5;7;9;10"
1720,"3;4;5;7;9;10"
1722,"1;3;4;5;7;9;10"
1724,"2;3;4;5;7;9;10"
1726,"1;2;3;4;5;7;9;10"
1728,"6;7;9;10"
1730,"1;6;7;9;10"
1732,"2;6;7;9;10"
1734,"1;2;6;7;9;10"
1736,"3;6;7;9;10"
1738,"1;3;6;7;9;10"
1740,"2;3;6;7;9;10"
1742,"1;2;3;6;7;9;10"
1744,"4;6;7;9;10"
1746,"1;4;6;7;9;10"
1748,"2;4;6;7;9;10"
1750,"1;2;4;6;7;9;10"
1752,"3;4;6;7;9;10"
1754,"1;3;4;6;7;9;10"
1756,"2;3;4;6;7;9;10"
1758,"1;2;3;4;6;7;9;10"
1760,"5;6;7;9;10"
1762,"1;5;6;7;9;10"
1764,"2;5;6;7;9;10"
1766,"1;2;5;6;7;9;10"
1768,"3;5;6;7;9;10"
1770,"1;3;5;6;7;9;10"
1772,"2;3;5;6;7;9;10"
1774,"1;2;3;5;6;7;9;10"
1776,"4;5;6;7;9;10"
1778,"1;4;5;6;7;9;10"
1780,"2;4;5;6;7;9;10"
1782,"1;2;4;5;6;7;9;10"
1784,"3;4;5;6;7;9;10"
1786,"1;3;4;5;6;7;9;10"
1788,"2;3;4;5;6;7;9;10"
1790,"2;4;8;16;32;64;128;512;1024"
1792,"8;9;10"
1794,"1;8;9;10"
1796,"2;8;9;10"
1798,"1;2;8;9;10"
1800,"3;8;9;10"
1802,"1;3;8;9;10"
1804,"2;3;8;9;10"
1806,"1;2;3;8;9;10"
1808,"4;8;9;10"
1810,"1;4;8;9;10"
1812,"2;4;8;9;10"
1814,"1;2;4;8;9;10"
1816,"3;4;8;9;10"
1818,"1;3;4;8;9;10"
1820,"2;3;4;8;9;10"
1822,"1;2;3;4;8;9;10"
1824,"5;8;9;10"
1826,"1;5;8;9;10"
1828,"2;5;8;9;10"
1830,"1;2;5;8;9;10"
1832,"3;5;8;9;10"
1834,"1;3;5;8;9;10"
1836,"2;3;5;8;9;10"
1838,"1;2;3;5;8;9;10"
1840,"4;5;8;9;10"
1842,"1;4;5;8;9;10"
1844,"2;4;5;8;9;10"
1846,"1;2;4;5;8;9;10"
1848,"3;4;5;8;9;10"
1850,"1;3;4;5;8;9;10"
1852,"2;3;4;5;8;9;10"
1854,"1;2;3;4;5;8;9;10"
1856,"6;8;9;10"
1858,"1;6;8;9;10"
1860,"2;6;8;9;10"
1862,"1;2;6;8;9;10"
1864,"3;6;8;9;10"
1866,"1;3;6;8;9;10"
1868,"2;3;6;8;9;10"
1870,"1;2;3;6;8;9;10"
1872,"4;6;8;9;10"
1874,"1;4;6;8;9;10"
1876,"2;4;6;8;9;10"
1878,"1;2;4;6;8;9;10"
1880,"3;4;6;8;9;10"
1882,"1;3;4;6;8;9;10"
1884,"2;3;4;6;8;9;10"
1886,"1;2;3;4;6;8;9;10"
1888,"5;6;8;9;10"
1890,"1;5;6;8;9;10"
1892,"2;5;6;8;9;10"
1894,"1;2;5;6;8;9;10"
1896,"3;5;6;8;9;10"
1898,"1;3;5;6;8;9;10"
1900,"2;3;5;6;8;9;10"
1902,"1;2;3;5;6;8;9;10"
1904,"4;5;6;8;9;10"
1906,"1;4;5;6;8;9;10"
1908,"2;4;5;6;8;9;10"
1910,"1;2;4;5;6;8;9;10"
1912,"3;4;5;6;8;9;10"
1914,"1;3;4;5;6;8;9;10"
1916,"2;3;4;5;6;8;9;10"
1918,"2;4;8;16;32;64;256;512;1024"
1920,"7;8;9;10"
1922,"1;7;8;9;10"
1924,"2;7;8;9;10"
1926,"1;2;7;8;9;10"
1928,"3;7;8;9;10"
1930,"1;3;7;8;9;10"
1932,"2;3;7;8;9;10"
1934,"1;2;3;7;8;9;10"
1936,"4;7;8;9;10"
1938,"1;4;7;8;9;10"
1940,"2;4;7;8;9;10"
1942,"1;2;4;7;8;9;10"
1944,"3;4;7;8;9;10"
1946,"1;3;4;7;8;9;10"
1948,"2;3;4;7;8;9;10"
1950,"1;2;3;4;7;8;9;10"
1952,"5;7;8;9;10"
1954,"1;5;7;8;9;10"
1956,"2;5;7;8;9;10"
1958,"1;2;5;7;8;9;10"
1960,"3;5;7;8;9;10"
1962,"1;3;5;7;8;9;10"
1964,"2;3;5;7;8;9;10"
1966,"1;2;3;5;7;8;9;10"
1968,"4;5;7;8;9;10"
1970,"1;4;5;7;8;9;10"
1972,"2;4;5;7;8;9;10"
1974,"1;2;4;5;7;8;9;10"
1976,"3;4;5;7;8;9;10"
1978,"1;3;4;5;7;8;9;10"
1980,"2;3;4;5;7;8;9;10"
1982,"2;4;8;16;32;128;256;512;1024"
1984,"6;7;8;9;10"
1986,"1;6;7;8;9;10"
1988,"2;6;7;8;9;10"
1990,"1;2;6;7;8;9;10"
1992,"3;6;7;8;9;10"
1994,"1;3;6;7;8;9;10"
1996,"2;3;6;7;8;9;10"
1998,"1;2;3;6;7;8;9;10"
2000,"4;6;7;8;9;10"
2002,"1;4;6;7;8;9;10"
2004,"2;4;6;7;8;9;10"
2006,"1;2;4;6;7;8;9;10"
2008,"3;4;6;7;8;9;10"
2010,"1;3;4;6;7;8;9;10"
2012,"2;3;4;6;7;8;9;10"
2014,"2;4;8;16;64;128;256;512;1024"
2016,"5;6;7;8;9;10"
2018,"1;5;6;7;8;9;10"
2020,"2;5;6;7;8;9;10"
2022,"1;2;5;6;7;8;9;10"
2024,"3;5;6;7;8;9;10"
2026,"1;3;5;6;7;8;9;10"
2028,"2;3;5;6;7;8;9;10"
2030,"2;4;8;32;64;128;256;512;1024"
2032,"4;5;6;7;8;9;10"
2034,"1;4;5;6;7;8;9;10"
2036,"2;4;5;6;7;8;9;10"
2038,"2;4;16;32;64;128;256;512;1024"
2040,"3;4;5;6;7;8;9;10"
2042,"2;8;16;32;64;128;256;512;1024"
2044,"4;8;16;32;64;128;256;512;1024"
2046,"1;2;3;4;5;6;7;8;9;10"
